Reference, Value, Footprint, Datasheet
U24,4558,MyModules:TSSOP8-JRL,
D54,1N4148,MyModules:SOD323-C1A2,
Q45,MMBT3904,MyModules:SOT23-132-JRL,
Q46,MMBT3906,MyModules:SOT23-132-JRL,
Q35,MMBT3904,MyModules:SOT23-132-JRL,
R131,100K,MyModules:SM0603-R-JRL,
R128,1meg,MyModules:SM0603-R-JRL,
C29-1,47μ,MyModules:2MM-POL-CAP,
R124,100,MyModules:SM0603-R-JRL,
C202,22p,MyModules:SM0603-C-JRL,
R130,1meg,MyModules:SM0603-R-JRL,
TM4,20K(B),MyModules:Bourns_3362P,
C200,10μ,MyModules:2MM-POL-CAP,
R133,22K,MyModules:SM0603-R-JRL,
C32-1,0.039μ,MyModules:SM0603-C-JRL,
R132,22K,MyModules:SM0603-R-JRL,
C33-1,0.018μ,MyModules:SM0603-C-JRL,
U14,4558,MyModules:TSSOP8-JRL,
C59,0.027μ,MyModules:SM0603-C-JRL,
C58,0.027μ,MyModules:SM0603-C-JRL,
R196,680,MyModules:SM0603-R-JRL,
R197,820K,MyModules:SM0603-R-JRL,
R192,220,MyModules:SM0603-R-JRL,
R189,100K,MyModules:SM0603-R-JRL,
C57,0.0068μ,MyModules:SM0603-C-JRL,
R191,8.2K,MyModules:SM0603-R-JRL,
C61,0.0068μ,MyModules:SM0603-C-JRL,
C60,0.0068μ,MyModules:SM0603-C-JRL,
R195,2.2K,MyModules:SM0603-R-JRL,
R198,1meg,MyModules:SM0603-R-JRL,
R200,47K,MyModules:SM0603-R-JRL,
VR8,100K(B),MyModules:RD901F-ALPHA-POT,
R190,680,MyModules:SM0603-R-JRL,
C63,0.047μ,MyModules:SM0603-C-JRL,
C65,0.047μ,MyModules:SM0603-C-JRL,
R204,100K,MyModules:SM0603-R-JRL,
R205,27K,MyModules:SM0603-R-JRL,
U13,4558,MyModules:TSSOP8-JRL,
R206,47K,MyModules:SM0603-R-JRL,
R210,470K,MyModules:SM0603-R-JRL,
C70,220p,MyModules:SM0603-C-JRL,
VR7,100K(A),MyModules:RD901F-ALPHA-POT,
C68,33μ,MyModules:2MM-POL-CAP,
R207,1K,MyModules:SM0603-R-JRL,
R182,10K,MyModules:SM0603-R-JRL,
R183,4.7K,MyModules:SM0603-R-JRL,
R180,22K,MyModules:SM0603-R-JRL,
R181,10K,MyModules:SM0603-R-JRL,
R199,1K,MyModules:SM0603-R-JRL,
VR9,10K(B),MyModules:RD901F-ALPHA-POT,
Q47,MMBT3904,MyModules:SOT23-132-JRL,
R187,330,MyModules:SM0603-R-JRL,
C55,47μ,MyModules:2MM-POL-CAP,
R193,100,MyModules:SM0603-R-JRL,
C51,0.47μ,MyModules:2MM-POL-CAP,
R184,15K,MyModules:SM0603-R-JRL,
C52,0.1μ,MyModules:SM0603-C-JRL,
R185,15K,MyModules:SM0603-R-JRL,
C66,0.0018μ,MyModules:SM0603-C-JRL,
C53,0.001μ,MyModules:SM0603-C-JRL,
C67,0.0018μ,MyModules:SM0603-C-JRL,
Q48,MMBT3904,MyModules:SOT23-132-JRL,
Q49,MMBT3904,MyModules:SOT23-132-JRL,
C69,0.01μ,MyModules:SM0603-C-JRL,
C54,0.0027μ,MyModules:SM0603-C-JRL,
R188,100,MyModules:SM0603-R-JRL,
R201,22K,MyModules:SM0603-R-JRL,
R202,47K,MyModules:SM0603-R-JRL,
R203,22K,MyModules:SM0603-R-JRL,
R186,33K,MyModules:SM0603-R-JRL,
R194,2.2meg,MyModules:SM0603-R-JRL,
C56,0.022μ,MyModules:SM0603-C-JRL,
Q39,MMBT3904,MyModules:SOT23-132-JRL,
Q40,MMBT3906,MyModules:SOT23-132-JRL,
R163,100K,MyModules:SM0603-R-JRL,
C40,0.015μ,MyModules:SM0603-C-JRL,
R154,10K,MyModules:SM0603-R-JRL,
R155,4.7K,MyModules:SM0603-R-JRL,
R152,22K,MyModules:SM0603-R-JRL,
R153,10K,MyModules:SM0603-R-JRL,
U15,4558,MyModules:TSSOP8-JRL,
R162,4.7K,MyModules:SM0603-R-JRL,
D53,1N4148,MyModules:SOD323-C1A2,
Q41,MMBT3904,MyModules:SOT23-132-JRL,
Q42,MMBT3904,MyModules:SOT23-132-JRL,
C38,0.1μ,MyModules:SM0603-C-JRL,
R157,8.2K,MyModules:SM0603-R-JRL,
R158,2.7K,MyModules:SM0603-R-JRL,
R156,1meg,MyModules:SM0603-R-JRL,
R160,22K,MyModules:SM0603-R-JRL,
C39,0.033μ,MyModules:SM0603-C-JRL,
D52,1N4148,MyModules:SOD323-C1A2,
R161,1meg,MyModules:SM0603-R-JRL,
R159,100K,MyModules:SM0603-R-JRL,
Q43,MMBT3904,MyModules:SOT23-132-JRL,
R167,1meg,MyModules:SM0603-R-JRL,
R165,47K,MyModules:SM0603-R-JRL,
R166,6.8K,MyModules:SM0603-R-JRL,
C48,220p,MyModules:SM0603-C-JRL,
C41,0.015μ,MyModules:SM0603-C-JRL,
C42,0.015μ,MyModules:SM0603-C-JRL,
U12,4558,MyModules:TSSOP8-JRL,
R171,220,MyModules:SM0603-R-JRL,
VR5,10K(C),MyModules:RD901F-ALPHA-POT,
R172,10K,MyModules:SM0603-R-JRL,
R168,22K,MyModules:SM0603-R-JRL,
VR6,500K(B),MyModules:RD901F-ALPHA-POT,
C43,33μ,MyModules:2MM-POL-CAP,
R170,470K,MyModules:SM0603-R-JRL,
C47,0.47μ,MyModules:2MM-POL-CAP,
C45,0.1μ,MyModules:SM0603-C-JRL,
VR4,100K(A),MyModules:RD901F-ALPHA-POT,
C49,0.47μ,MyModules:2MM-POL-CAP,
R177,82K,MyModules:SM0603-R-JRL,
Q44,MMBT3904,MyModules:SOT23-132-JRL,
R176,100K,MyModules:SM0603-R-JRL,
R173,6.8K,MyModules:SM0603-R-JRL,
C50,1μ,MyModules:2MM-POL-CAP,
R174,100K,MyModules:SM0603-R-JRL,
R175,1K,MyModules:SM0603-R-JRL,
Q50,MMBT3904,MyModules:SOT23-132-JRL,
Q51,MMBT3906,MyModules:SOT23-132-JRL,
R213,10K,MyModules:SM0603-R-JRL,
R214,4.7K,MyModules:SM0603-R-JRL,
R211,22K,MyModules:SM0603-R-JRL,
R212,10K,MyModules:SM0603-R-JRL,
R215,4.7K,MyModules:SM0603-R-JRL,
R219,4.7K,MyModules:SM0603-R-JRL,
C73,0.0068μ,MyModules:SM0603-C-JRL,
D56,1N4148,MyModules:SOD323-C1A2,
R226,22K,MyModules:SM0603-R-JRL,
R224,1.5K,MyModules:SM0603-R-JRL,
D55,1N4148,MyModules:SOD323-C1A2,
C72,0.039μ,MyModules:SM0603-C-JRL,
R225,4.7K,MyModules:SM0603-R-JRL,
R218,2.2meg,MyModules:SM0603-R-JRL,
C71,0.047μ,MyModules:SM0603-C-JRL,
R220,33K,MyModules:SM0603-R-JRL,
R217,3.3K,MyModules:SM0603-R-JRL,
Q52,MMBT3904,MyModules:SOT23-132-JRL,
R216,15K,MyModules:SM0603-R-JRL,
R221,4.7K,MyModules:SM0603-R-JRL,
C74,0.047μ,MyModules:SM0603-C-JRL,
R223,22K,MyModules:SM0603-R-JRL,
R222,22K,MyModules:SM0603-R-JRL,
C75,0.018μ,MyModules:SM0603-C-JRL,
C76,0.056μ,MyModules:SM0603-C-JRL,
R228,820K,MyModules:SM0603-R-JRL,
C78,0.012μ,MyModules:SM0603-C-JRL,
VR11,500(B),MyModules:RD901F-ALPHA-POT,
R231,1K,MyModules:SM0603-R-JRL,
R229,33K,MyModules:SM0603-R-JRL,
R230,820K,MyModules:SM0603-R-JRL,
R227,33K,MyModules:SM0603-R-JRL,
C77,0.047μ,MyModules:SM0603-C-JRL,
D80,1N4148,MyModules:SOD323-C1A2,
D81,1N4148,MyModules:SOD323-C1A2,
R233,100K,MyModules:SM0603-R-JRL,
C81,0.047μ,MyModules:SM0603-C-JRL,
R232,100K,MyModules:SM0603-R-JRL,
R234,47K,MyModules:SM0603-R-JRL,
R235,470K,MyModules:SM0603-R-JRL,
VR10,100K(A),MyModules:RD901F-ALPHA-POT,
C82,33μ,MyModules:2MM-POL-CAP,
R238,1K,MyModules:SM0603-R-JRL,
C83,0.001μ,MyModules:SM0603-C-JRL,
U17,4558,MyModules:TSSOP8-JRL,
Q53,MMBT3904,MyModules:SOT23-132-JRL,
Q54,MMBT3906,MyModules:SOT23-132-JRL,
R242,10K,MyModules:SM0603-R-JRL,
R243,4.7K,MyModules:SM0603-R-JRL,
R240,22K,MyModules:SM0603-R-JRL,
R241,10K,MyModules:SM0603-R-JRL,
R251,4.7K,MyModules:SM0603-R-JRL,
R244,4.7K,MyModules:SM0603-R-JRL,
C86,0.0027μ,MyModules:SM0603-C-JRL,
D58,1N4148,MyModules:SOD323-C1A2,
R255,22K,MyModules:SM0603-R-JRL,
R253,2.2K,MyModules:SM0603-R-JRL,
D57,1N4148,MyModules:SOD323-C1A2,
C85,0.033μ,MyModules:SM0603-C-JRL,
R254,6.8K,MyModules:SM0603-R-JRL,
R247,2.2meg,MyModules:SM0603-R-JRL,
C84,0.047μ,MyModules:SM0603-C-JRL,
R248,33K,MyModules:SM0603-R-JRL,
R246,3.3K,MyModules:SM0603-R-JRL,
Q55,MMBT3904,MyModules:SOT23-132-JRL,
R245,15K,MyModules:SM0603-R-JRL,
R252,4.7K,MyModules:SM0603-R-JRL,
C87,0.033μ,MyModules:SM0603-C-JRL,
R249,22K,MyModules:SM0603-R-JRL,
R250,22K,MyModules:SM0603-R-JRL,
C88,0.015μ,MyModules:SM0603-C-JRL,
C90,0.027μ,MyModules:SM0603-C-JRL,
R257,820K,MyModules:SM0603-R-JRL,
C92,0.012μ,MyModules:SM0603-C-JRL,
VR13,500(B),MyModules:RD901F-ALPHA-POT,
R260,1K,MyModules:SM0603-R-JRL,
R258,33K,MyModules:SM0603-R-JRL,
R259,820K,MyModules:SM0603-R-JRL,
R256,33K,MyModules:SM0603-R-JRL,
C91,0.027μ,MyModules:SM0603-C-JRL,
D82,1N4148,MyModules:SOD323-C1A2,
D83,1N4148,MyModules:SOD323-C1A2,
U16,4558,MyModules:TSSOP8-JRL,
R262,100K,MyModules:SM0603-R-JRL,
C96,0.039μ,MyModules:SM0603-C-JRL,
R261,100K,MyModules:SM0603-R-JRL,
R263,47K,MyModules:SM0603-R-JRL,
R266,470K,MyModules:SM0603-R-JRL,
VR12,100K(A),MyModules:RD901F-ALPHA-POT,
C95,33μ,MyModules:2MM-POL-CAP,
R239,1K,MyModules:SM0603-R-JRL,
C97,0.001μ,MyModules:SM0603-C-JRL,
U18,4558,MyModules:TSSOP8-JRL,
Q56,MMBT3904,MyModules:SOT23-132-JRL,
Q57,MMBT3906,MyModules:SOT23-132-JRL,
R268,10K,MyModules:SM0603-R-JRL,
R269,4.7K,MyModules:SM0603-R-JRL,
R267,22K,MyModules:SM0603-R-JRL,
R271,10K,MyModules:SM0603-R-JRL,
R270,4.7K,MyModules:SM0603-R-JRL,
R274,4.7K,MyModules:SM0603-R-JRL,
C99,0.0027μ,MyModules:SM0603-C-JRL,
D60,1N4148,MyModules:SOD323-C1A2,
R282,22K,MyModules:SM0603-R-JRL,
R280,1.5K,MyModules:SM0603-R-JRL,
D59,1N4148,MyModules:SOD323-C1A2,
C100,0.033μ,MyModules:SM0603-C-JRL,
R281,5.6K,MyModules:SM0603-R-JRL,
R276,2.2meg,MyModules:SM0603-R-JRL,
C98,0.047μ,MyModules:SM0603-C-JRL,
R275,33K,MyModules:SM0603-R-JRL,
R272,3.3K,MyModules:SM0603-R-JRL,
Q58,MMBT3904,MyModules:SOT23-132-JRL,
R273,15K,MyModules:SM0603-R-JRL,
R279,4.7K,MyModules:SM0603-R-JRL,
C101,0.027μ,MyModules:SM0603-C-JRL,
R277,22K,MyModules:SM0603-R-JRL,
R278,22K,MyModules:SM0603-R-JRL,
C102,0.01μ,MyModules:SM0603-C-JRL,
C103,0.027μ,MyModules:SM0603-C-JRL,
R284,820K,MyModules:SM0603-R-JRL,
C105,0.056μ,MyModules:SM0603-C-JRL,
VR15,500(B),MyModules:RD901F-ALPHA-POT,
R287,1K,MyModules:SM0603-R-JRL,
R285,33K,MyModules:SM0603-R-JRL,
R286,820K,MyModules:SM0603-R-JRL,
R283,33K,MyModules:SM0603-R-JRL,
C104,0.022μ,MyModules:SM0603-C-JRL,
D84,1N4148,MyModules:SOD323-C1A2,
D85,1N4148,MyModules:SOD323-C1A2,
R289,100K,MyModules:SM0603-R-JRL,
C108,0.033μ,MyModules:SM0603-C-JRL,
R288,100K,MyModules:SM0603-R-JRL,
R290,47K,MyModules:SM0603-R-JRL,
R291,470K,MyModules:SM0603-R-JRL,
VR14,100K(A),MyModules:RD901F-ALPHA-POT,
C109,33μ,MyModules:2MM-POL-CAP,
R294,1K,MyModules:SM0603-R-JRL,
C110,0.001μ,MyModules:SM0603-C-JRL,
U23,LM339-,Housings_SOIC:SOIC-14_3.9x8.7mm_Pitch1.27mm,
Q71/72,DMMT3906,MyModules:SOT363-JRL,
U22,LM13700,MyModules:SO16-JRL,
Q28,MMBT3904,MyModules:SOT23-132-JRL,
Q29,MMBT3906,MyModules:SOT23-132-JRL,
R106,10K,MyModules:SM0603-R-JRL,
R105,4.7K,MyModules:SM0603-R-JRL,
R103,22K,MyModules:SM0603-R-JRL,
R104,10K,MyModules:SM0603-R-JRL,
Q69,MMBT3904,MyModules:SOT23-132-JRL,
U21,4558,MyModules:TSSOP8-JRL,
D69,1N4148,MyModules:SOD323-C1A2,
D68,1N4148,MyModules:SOD323-C1A2,
C139,0.018μ,MyModules:SM0603-C-JRL,
C143,1μ,MyModules:2MM-POL-CAP,
R348,1meg,MyModules:SM0603-R-JRL,
C138,0.047μ,MyModules:SM0603-C-JRL,
Q70,MMBT3904,MyModules:SOT23-132-JRL,
R349,1meg,MyModules:SM0603-R-JRL,
C137,0.033μ,MyModules:SM0603-C-JRL,
TM3,10K(B),MyModules:Bourns_3362P,
R370,47K,MyModules:SM0603-R-JRL,
R362,330K,MyModules:SM0603-R-JRL,
R363,10K,MyModules:SM0603-R-JRL,
R346,680,MyModules:SM0603-R-JRL,
R342,15K,MyModules:SM0603-R-JRL,
C129,0.0047μ,MyModules:SM0603-C-JRL,
C128,0.0047μ,MyModules:SM0603-C-JRL,
C136,0.022μ,MyModules:SM0603-C-JRL,
R47,100K,MyModules:SM0603-R-JRL,
R38,39K,MyModules:SM0603-R-JRL,
U9,4558,MyModules:TSSOP8-JRL,
R383,82K,MyModules:SM0603-R-JRL,
R381,1K,MyModules:SM0603-R-JRL,
R382,1K,MyModules:SM0603-R-JRL,
C150,0.001μ,MyModules:SM0603-C-JRL,
R378,100K,MyModules:SM0603-R-JRL,
C127,0.0018μ,MyModules:SM0603-C-JRL,
R332,27K,MyModules:SM0603-R-JRL,
R333,10K,MyModules:SM0603-R-JRL,
R374,10K,MyModules:SM0603-R-JRL,
R366,15K,MyModules:SM0603-R-JRL,
R364,2.2K,MyModules:SM0603-R-JRL,
R369,330,MyModules:SM0603-R-JRL,
C152,0.047μ,MyModules:SM0603-C-JRL,
R376,47K,MyModules:SM0603-R-JRL,
C146,0.018μ,MyModules:SM0603-C-JRL,
R360,27K,MyModules:SM0603-R-JRL,
R353,4.7K,MyModules:SM0603-R-JRL,
R351,4.7K,MyModules:SM0603-R-JRL,
R352,4.7K,MyModules:SM0603-R-JRL,
R355,2.7K,MyModules:SM0603-R-JRL,
R359,10K,MyModules:SM0603-R-JRL,
Q73,MMBT3904,MyModules:SOT23-132-JRL,
R368,470K,MyModules:SM0603-R-JRL,
R367,330,MyModules:SM0603-R-JRL,
R371,15K,MyModules:SM0603-R-JRL,
D71,1N4148,MyModules:SOD323-C1A2,
R356,1meg,MyModules:SM0603-R-JRL,
C144,0.47μ,MyModules:2MM-POL-CAP,
C141,0.001μ,MyModules:SM0603-C-JRL,
D70,1N4148,MyModules:SOD323-C1A2,
C140,0.0027μ,MyModules:SM0603-C-JRL,
R350,1meg,MyModules:SM0603-R-JRL,
R358,68K,MyModules:SM0603-R-JRL,
R358-1,68K,MyModules:SM0603-R-JRL,
C142,220p,MyModules:SM0603-C-JRL,
R354,5.6K,MyModules:SM0603-R-JRL,
Q67,MMBT3904,MyModules:SOT23-132-JRL,
D67,1N4148,MyModules:SOD323-C1A2,
R361,22K,MyModules:SM0603-R-JRL,
R344,220K,MyModules:SM0603-R-JRL,
C134,0.033μ,MyModules:SM0603-C-JRL,
R345,150K,MyModules:SM0603-R-JRL,
R343,100K,MyModules:SM0603-R-JRL,
R341,470K,MyModules:SM0603-R-JRL,
D66,1N4148,MyModules:SOD323-C1A2,
Q66,MMBT3906,MyModules:SOT23-132-JRL,
R337,10K,MyModules:SM0603-R-JRL,
C135,0.1μ,MyModules:SM0603-C-JRL,
C131,0.01μ,MyModules:SM0603-C-JRL,
R338,15K,MyModules:SM0603-R-JRL,
Q65,MMBT3906,MyModules:SOT23-132-JRL,
C132,0.001μ,MyModules:SM0603-C-JRL,
D65,1N4148,MyModules:SOD323-C1A2,
R336,1meg,MyModules:SM0603-R-JRL,
C133,0.001μ,MyModules:SM0603-C-JRL,
R339,3.3K,MyModules:SM0603-R-JRL,
Q68,MMBT3904,MyModules:SOT23-132-JRL,
R340,68K,MyModules:SM0603-R-JRL,
U19,4558,MyModules:TSSOP8-JRL,
R347,22K,MyModules:SM0603-R-JRL,
C151,0.01μ,MyModules:SM0603-C-JRL,
R377,100K,MyModules:SM0603-R-JRL,
R373,47K,MyModules:SM0603-R-JRL,
C130,0.047μ,MyModules:SM0603-C-JRL,
R335,6.8K,MyModules:SM0603-R-JRL,
R375,470K,MyModules:SM0603-R-JRL,
R296,1K,MyModules:SM0603-R-JRL,
C149,220p,MyModules:SM0603-C-JRL,
C145,33μ,MyModules:2MM-POL-CAP,
VR17,100K(A),MyModules:RD901F-ALPHA-POT,
Q59,MMBT3904,MyModules:SOT23-132-JRL,
Q60,MMBT3906,MyModules:SOT23-132-JRL,
R298,10K,MyModules:SM0603-R-JRL,
R299,4.7K,MyModules:SM0603-R-JRL,
R297,22K,MyModules:SM0603-R-JRL,
R303,10K,MyModules:SM0603-R-JRL,
D61,1N4148,MyModules:SOD323-C1A2,
R300,10K,MyModules:SM0603-R-JRL,
R107,1K,MyModules:SM0603-R-JRL,
C24,0.47μ,MyModules:2MM-POL-CAP,
R108,10K,MyModules:SM0603-R-JRL,
D63,1N4148,MyModules:SOD323-C1A2,
R321,2.2meg,MyModules:SM0603-R-JRL,
C120,10μ,MyModules:2MM-POL-CAP,
C116,0.0047μ,MyModules:SM0603-C-JRL,
C115,0.0047μ,MyModules:SM0603-C-JRL,
R315,5.6K,MyModules:SM0603-R-JRL,
R49,1meg,MyModules:SM0603-R-JRL,
C121,0.0047μ,MyModules:SM0603-C-JRL,
C122,0.0047μ,MyModules:SM0603-C-JRL,
R322,10K,MyModules:SM0603-R-JRL,
Q63,MMBT3904,MyModules:SOT23-132-JRL,
R325,330K,MyModules:SM0603-R-JRL,
Q62,MMBT3904,MyModules:SOT23-132-JRL,
R318,220K,MyModules:SM0603-R-JRL,
R323,22K,MyModules:SM0603-R-JRL,
R320,22K,MyModules:SM0603-R-JRL,
R317,10K,MyModules:SM0603-R-JRL,
U20,4558,MyModules:TSSOP8-JRL,
R301,47K,MyModules:SM0603-R-JRL,
R302,10K,MyModules:SM0603-R-JRL,
D62,1N4148,MyModules:SOD323-C1A2,
C111,0.01μ,MyModules:SM0603-C-JRL,
R307,100K,MyModules:SM0603-R-JRL,
C112,0.022μ,MyModules:SM0603-C-JRL,
R304,47K,MyModules:SM0603-R-JRL,
Q61,MMBT3904,MyModules:SOT23-132-JRL,
R305,1meg,MyModules:SM0603-R-JRL,
C113,0.047μ,MyModules:SM0603-C-JRL,
C114,0.001μ,MyModules:SM0603-C-JRL,
D64,1N4148,MyModules:SOD323-C1A2,
R308,820K,MyModules:SM0603-R-JRL,
R310,33K,MyModules:SM0603-R-JRL,
C119,0.0022μ,MyModules:SM0603-C-JRL,
C117,0.0022μ,MyModules:SM0603-C-JRL,
R312,1K,MyModules:SM0603-R-JRL,
R314,33K,MyModules:SM0603-R-JRL,
R309,33K,MyModules:SM0603-R-JRL,
R319,220K,MyModules:SM0603-R-JRL,
R311,10K,MyModules:SM0603-R-JRL,
C118,0.0022μ,MyModules:SM0603-C-JRL,
Q74,J111/J112,MyModules:SOT23-132-JRL,
R313,390K,MyModules:SM0603-R-JRL,
R324,220K,MyModules:SM0603-R-JRL,
C125,0.01μ,MyModules:SM0603-C-JRL,
R326,10K,MyModules:SM0603-R-JRL,
R331,47K,MyModules:SM0603-R-JRL,
C126,33μ,MyModules:2MM-POL-CAP,
R330,470K,MyModules:SM0603-R-JRL,
C153,22p,MyModules:SM0603-C-JRL,
R327,470K,MyModules:SM0603-R-JRL,
R236,1K,MyModules:SM0603-R-JRL,
R169,47K,MyModules:SM0603-R-JRL,
R164,47K,MyModules:SM0603-R-JRL,
R306,22K,MyModules:SM0603-R-JRL,
C31-1,1μ,MyModules:2MM-POL-CAP,
Q27-1,MMBT3904,MyModules:SOT23-132-JRL,
R93,10K,MyModules:SM0603-R-JRL,
R92,22K,MyModules:SM0603-R-JRL,
R97,33K,MyModules:SM0603-R-JRL,
C23,0.001μ,MyModules:SM0603-C-JRL,
R112,3.3K,MyModules:SM0603-R-JRL,
C201,22p,MyModules:SM0603-C-JRL,
U6,CD4011,Housings_SSOP:TSSOP-14_4.4x5mm_Pitch0.65mm,
C27,0.001μ,MyModules:SM0603-C-JRL,
R101-1,680K,MyModules:SM0603-R-JRL,
R101-2,100K,MyModules:SM0603-R-JRL,
R102,680K,MyModules:SM0603-R-JRL,
R117,47K,MyModules:SM0603-R-JRL,
Q31,MMBT3904,MyModules:SOT23-132-JRL,
Q33,MMBT3904,MyModules:SOT23-132-JRL,
R118,10K,MyModules:SM0603-R-JRL,
R119,22K,MyModules:SM0603-R-JRL,
R123,15K,MyModules:SM0603-R-JRL,
Q32,MMBT3904,MyModules:SOT23-132-JRL,
R113,4.7K,MyModules:SM0603-R-JRL,
Q34,MMBT3904,MyModules:SOT23-132-JRL,
VR3,10K(B),MyModules:RD901F-ALPHA-POT,
R114,4.7K,MyModules:SM0603-R-JRL,
R237,33K,MyModules:SM0603-R-JRL,
R120,4.7K,MyModules:SM0603-R-JRL,
C25,47μ,MyModules:2MM-POL-CAP,
R121,100,MyModules:SM0603-R-JRL,
C34-1,47μ,MyModules:2MM-POL-CAP,
VR16,100K(A),MyModules:RD901F-ALPHA-POT,
U4,4558,MyModules:TSSOP8-JRL,
VR1,50K(A),MyModules:RD901F-ALPHA-POT,
C17,1μ,MyModules:2MM-POL-CAP,
C8,2.2μ,MyModules:2MM-POL-CAP,
R69,100K,MyModules:SM0603-R-JRL,
R75,33K,MyModules:SM0603-R-JRL,
C18,220p,MyModules:SM0603-C-JRL,
C19,1μ,MyModules:2MM-POL-CAP,
C23-1,1μ,MyModules:2MM-POL-CAP,
R77,22K,MyModules:SM0603-R-JRL,
R76,33K,MyModules:SM0603-R-JRL,
C22,220p,MyModules:SM0603-C-JRL,
C21,33μ,MyModules:2MM-POL-CAP,
Q13,J111/J112,MyModules:SOT23-132-JRL,
R74,330K,MyModules:SM0603-R-JRL,
C20,0.001μ,MyModules:SM0603-C-JRL,
Q12,MMBT3906,MyModules:SOT23-132-JRL,
Q11,MMBT3904,MyModules:SOT23-132-JRL,
R73,10K,MyModules:SM0603-R-JRL,
R72,220K,MyModules:SM0603-R-JRL,
R71,220K,MyModules:SM0603-R-JRL,
Q10,MMBT3906,MyModules:SOT23-132-JRL,
R70,100,MyModules:SM0603-R-JRL,
R66,10K,MyModules:SM0603-R-JRL,
C7,2.2μ,MyModules:2MM-POL-CAP,
R68,10K,MyModules:SM0603-R-JRL,
R67,1K,MyModules:SM0603-R-JRL,
D9,1N4148,MyModules:SOD323-C1A2,
D10,1N4148,MyModules:SOD323-C1A2,
J1,BD,MyModules:PJ-301B-JACK-SLOTS,
R5,22K,MyModules:SM0603-R-JRL,
J2,SD,MyModules:PJ-301B-JACK-SLOTS,
R4,33K,MyModules:SM0603-R-JRL,
J3,LT,MyModules:PJ-301B-JACK-SLOTS,
J4,MT,MyModules:PJ-301B-JACK-SLOTS,
J5,HT,MyModules:PJ-301B-JACK-SLOTS,
J6,RS,MyModules:PJ-301B-JACK-SLOTS,
J7,CP,MyModules:PJ-301B-JACK-SLOTS,
J8,CB,MyModules:PJ-301B-JACK-SLOTS,
R10,56k,MyModules:SM0603-R-JRL,
J9,CY,MyModules:PJ-301B-JACK-SLOTS,
R11,47K,MyModules:SM0603-R-JRL,
J10,OH,MyModules:PJ-301B-JACK-SLOTS,
J11,CH,MyModules:PJ-301B-JACK-SLOTS,
J12,MASTER,MyModules:PJ-301B-JACK-SLOTS,
R2,33K,MyModules:SM0603-R-JRL,
R1,33K,MyModules:SM0603-R-JRL,
R3,33K,MyModules:SM0603-R-JRL,
R6,33K,MyModules:SM0603-R-JRL,
R7,33K,MyModules:SM0603-R-JRL,
R8,47K,MyModules:SM0603-R-JRL,
R9,47K,MyModules:SM0603-R-JRL,
R14,1K,MyModules:SM0603-R-JRL,
R13,27K,MyModules:SM0603-R-JRL,
R12,3.3K,MyModules:SM0603-R-JRL,
TP11,TEST_POINT,MyModules:TEST_POINT_LOOP_4592,
TP14,TEST_POINT,MyModules:TEST_POINT_LOOP_4592,
TP13,TEST_POINT,MyModules:TEST_POINT_LOOP_4592,
TP12,TEST_POINT,MyModules:TEST_POINT_LOOP_4592,
TP5,TEST_POINT,MyModules:TEST_POINT_LOOP_4592,
TP4,TEST_POINT,MyModules:TEST_POINT_LOOP_4592,
TP3,TEST_POINT,MyModules:TEST_POINT_LOOP_4592,
TP1,TEST_POINT,MyModules:TEST_POINT_LOOP_4592,
TP2,TEST_POINT,MyModules:TEST_POINT_LOOP_4592,
P1,CONN_02X05,Pin_Headers:Pin_Header_Straight_2x05,
C163, 10µ,MyModules:2MM-POL-CAP,
C162, 10µ,MyModules:2MM-POL-CAP,
C160,0.1μ,MyModules:SM0603-C-JRL,
C161,0.1μ,MyModules:SM0603-C-JRL,
C93,47μ,MyModules:2MM-POL-CAP,
R54,100,MyModules:SM0603-R-JRL,
C26,47μ,MyModules:2MM-POL-CAP,
R50,100,MyModules:SM0603-R-JRL,
C123,47μ,MyModules:2MM-POL-CAP,
R80,100,MyModules:SM0603-R-JRL,
C106,47μ,MyModules:2MM-POL-CAP,
R78,100,MyModules:SM0603-R-JRL,
C94,47μ,MyModules:2MM-POL-CAP,
R57,100,MyModules:SM0603-R-JRL,
C89,47μ,MyModules:2MM-POL-CAP,
R51,100,MyModules:SM0603-R-JRL,
C124,47μ,MyModules:2MM-POL-CAP,
R81,100,MyModules:SM0603-R-JRL,
C107,47μ,MyModules:2MM-POL-CAP,
R79,100,MyModules:SM0603-R-JRL,
C154,47μ,MyModules:2MM-POL-CAP,
R126,100,MyModules:SM0603-R-JRL,
C147,47μ,MyModules:2MM-POL-CAP,
R86,100,MyModules:SM0603-R-JRL,
C158,47μ,MyModules:2MM-POL-CAP,
R208,100,MyModules:SM0603-R-JRL,
C156,47μ,MyModules:2MM-POL-CAP,
R178,100,MyModules:SM0603-R-JRL,
C155,47μ,MyModules:2MM-POL-CAP,
R142,100,MyModules:SM0603-R-JRL,
C148,47μ,MyModules:2MM-POL-CAP,
R122,100,MyModules:SM0603-R-JRL,
C159,47μ,MyModules:2MM-POL-CAP,
R209,100,MyModules:SM0603-R-JRL,
C157,47μ,MyModules:2MM-POL-CAP,
U11,CD4053,Housings_SSOP:TSSOP-16_4.4x5mm_Pitch0.65mm,
U10,CD4053,Housings_SSOP:TSSOP-16_4.4x5mm_Pitch0.65mm,
U25,CD4053,Housings_SSOP:TSSOP-16_4.4x5mm_Pitch0.65mm,
U26,CD4053,Housings_SSOP:TSSOP-16_4.4x5mm_Pitch0.65mm,
U8,CD4053,Housings_SSOP:TSSOP-16_4.4x5mm_Pitch0.65mm,
Q22,MMBT3904,MyModules:SOT23-132-JRL,
R34,10K,MyModules:SM0603-R-JRL,
R36,10K,MyModules:SM0603-R-JRL,
TP21,TEST_POINT,MyModules:TEST_POINT_LOOP_4592,
P2,CONN_01X08,MyModules:GH-TOP-8,
D73,D,MyModules:SMB-1C2A,
D74,D,MyModules:SMB-1C2A,
C12,100μ,MyModules:2MM-POL-CAP,
Q9,MMBT3904,MyModules:SOT23-132-JRL,
R61,10K,MyModules:SM0603-R-JRL,
R60,5.6K,MyModules:SM0603-R-JRL,
U1,MC14584,Housings_SSOP:TSSOP-14_4.4x5mm_Pitch0.65mm,
TM1,200K(B),MyModules:Bourns_3362P,
R44,150K,MyModules:SM0603-R-JRL,
R50-1,120K,MyModules:SM0603-R-JRL,
C6,0.022μ,MyModules:SM0603-C-JRL,
TP6,TEST_POINT,MyModules:TEST_POINT_LOOP_4592,
R62,33K,MyModules:SM0603-R-JRL,
R63,2.2K,MyModules:SM0603-R-JRL,
Q15,MMBT3904,MyModules:SOT23-132-JRL,
TM2,200K(B),MyModules:Bourns_3362P,
R45,100K,MyModules:SM0603-R-JRL,
R48,120K,MyModules:SM0603-R-JRL,
C5,0.018μ,MyModules:SM0603-C-JRL,
TP7,TEST_POINT,MyModules:TEST_POINT_LOOP_4592,
R64,33K,MyModules:SM0603-R-JRL,
R65,2.2K,MyModules:SM0603-R-JRL,
R46,120K,MyModules:SM0603-R-JRL,
C4,0.018μ,MyModules:SM0603-C-JRL,
R43,220K,MyModules:SM0603-R-JRL,
R39,120K,MyModules:SM0603-R-JRL,
C3,0.01μ,MyModules:SM0603-C-JRL,
R42,680K,MyModules:SM0603-R-JRL,
R37,120K,MyModules:SM0603-R-JRL,
C2,0.01μ,MyModules:SM0603-C-JRL,
R41,560K,MyModules:SM0603-R-JRL,
R35,120K,MyModules:SM0603-R-JRL,
C1,0.01μ,MyModules:SM0603-C-JRL,
R40,560K,MyModules:SM0603-R-JRL,
R53,1K,MyModules:SM0603-R-JRL,
R30,470K,MyModules:SM0603-R-JRL,
C32,10μ,MyModules:2MM-POL-CAP,
D3,1N4148,MyModules:SOD323-C1A2,
R31,100,MyModules:SM0603-R-JRL,
Q14,MMBT3904,MyModules:SOT23-132-JRL,
R32,470K,MyModules:SM0603-R-JRL,
C33,10μ,MyModules:2MM-POL-CAP,
D4,1N4148,MyModules:SOD323-C1A2,
R33,100,MyModules:SM0603-R-JRL,
R28,100K,MyModules:SM0603-R-JRL,
R29,100K,MyModules:SM0603-R-JRL,
R26,10K,MyModules:SM0603-R-JRL,
R27,10K,MyModules:SM0603-R-JRL,
C30,0.0022μ,MyModules:SM0603-C-JRL,
C29,0.0033μ,MyModules:SM0603-C-JRL,
R25,470K,MyModules:SM0603-R-JRL,
C31,0.0022μ,MyModules:SM0603-C-JRL,
C28,0.01μ,MyModules:SM0603-C-JRL,
R24,2.2K,MyModules:SM0603-R-JRL,
U2,4558,MyModules:TSSOP8-JRL,
U6-1,4558,MyModules:TSSOP8-JRL,
C75-1,1μ,MyModules:2MM-POL-CAP,
R116,8.2K,MyModules:SM0603-R-JRL,
VR5-1,5K(A),MyModules:RD901F-ALPHA-POT,
C76-1,0.022μ,MyModules:SM0603-C-JRL,
R117-1,22K,MyModules:SM0603-R-JRL,
R163-1,1K,MyModules:SM0603-R-JRL,
Q1,MMBT3904,MyModules:SOT23-132-JRL,
Q5,MMBT3906,MyModules:SOT23-132-JRL,
R9-1,22K,MyModules:SM0603-R-JRL,
R14-1,4.7K,MyModules:SM0603-R-JRL,
R4-1,22K,MyModules:SM0603-R-JRL,
R5-1,10K,MyModules:SM0603-R-JRL,
R122-1,1K,MyModules:SM0603-R-JRL,
D2,1N4148,MyModules:SOD323-C1A2,
C9,0.47μ,MyModules:2MM-POL-CAP,
R82,33K,MyModules:SM0603-R-JRL,
C34,1μ,MyModules:2MM-POL-CAP,
U3,4558,MyModules:TSSOP8-JRL,
C11,0.001μ,MyModules:SM0603-C-JRL,
R55,22K,MyModules:SM0603-R-JRL,
C15,0.0033μ,MyModules:SM0603-C-JRL,
R58,560,MyModules:SM0603-R-JRL,
C16,0.0033μ,MyModules:SM0603-C-JRL,
R59,82K,MyModules:SM0603-R-JRL,
C44,0.022μ,MyModules:SM0603-C-JRL,
R99,1meg,MyModules:SM0603-R-JRL,
R100,1meg,MyModules:SM0603-R-JRL,
Q17,MMBT3904,MyModules:SOT23-132-JRL,
R98,100,MyModules:SM0603-R-JRL,
C43-1,0.0015μ,MyModules:SM0603-C-JRL,
C50-1,0.0015μ,MyModules:SM0603-C-JRL,
R91,33K,MyModules:SM0603-R-JRL,
D11,1N4148,MyModules:SOD323-C1A2,
C42-1,0.022μ,MyModules:SM0603-C-JRL,
R97-1,1meg,MyModules:SM0603-R-JRL,
R96,1meg,MyModules:SM0603-R-JRL,
Q16,MMBT3904,MyModules:SOT23-132-JRL,
R95,100,MyModules:SM0603-R-JRL,
C36,0.0015μ,MyModules:SM0603-C-JRL,
C47-1,0.0015μ,MyModules:SM0603-C-JRL,
D5,1N4148,MyModules:SOD323-C1A2,
R94,39K,MyModules:SM0603-R-JRL,
R87,22K,MyModules:SM0603-R-JRL,
C40-1,1μ,MyModules:2MM-POL-CAP,
C38-1,1μ,MyModules:2MM-POL-CAP,
D6,1N4148,MyModules:SOD323-C1A2,
D7,1N4148,MyModules:SOD323-C1A2,
R90,33K,MyModules:SM0603-R-JRL,
R88,33K,MyModules:SM0603-R-JRL,
C39-1,0.47μ,MyModules:2MM-POL-CAP,
C37,2.2μ,MyModules:2MM-POL-CAP,
D8,1N4148,MyModules:SOD323-C1A2,
Q19,MMBT3904,MyModules:SOT23-132-JRL,
R85,100,MyModules:SM0603-R-JRL,
C35,47μ,MyModules:2MM-POL-CAP,
R293,100,MyModules:SM0603-R-JRL,
R84,10K,MyModules:SM0603-R-JRL,
Q20,MMBT3904,MyModules:SOT23-132-JRL,
C51-1,0.001μ,MyModules:SM0603-C-JRL,
C52-1,0.001μ,MyModules:SM0603-C-JRL,
R113-1,18K,MyModules:SM0603-R-JRL,
R107-1,18K,MyModules:SM0603-R-JRL,
U5,4558,MyModules:TSSOP8-JRL,
R92-1,33K,MyModules:SM0603-R-JRL,
R93-1,470K,MyModules:SM0603-R-JRL,
C41-1,1μ,MyModules:2MM-POL-CAP,
VR2,2meg(B),MyModules:RD901F-ALPHA-POT,
R89,10K,MyModules:SM0603-R-JRL,
R115,39K,MyModules:SM0603-R-JRL,
R114-11,39K,MyModules:SM0603-R-JRL,
C56-1,0.01μ,MyModules:SM0603-C-JRL,
R120-1,10K,MyModules:SM0603-R-JRL,
R129,15K,MyModules:SM0603-R-JRL,
R104-1,22K,MyModules:SM0603-R-JRL,
C45-1,2.2μ,MyModules:2MM-POL-CAP,
R105-1,33K,MyModules:SM0603-R-JRL,
C48-1,0.0015μ,MyModules:SM0603-C-JRL,
C59-1,0.0015μ,MyModules:SM0603-C-JRL,
Q25,MMBT3904,MyModules:SOT23-132-JRL,
D12,1N4148,MyModules:SOD323-C1A2,
C10,0.0033μ,MyModules:SM0603-C-JRL,
R52,33K,MyModules:SM0603-R-JRL,
C13,0.0068μ,MyModules:SM0603-C-JRL,
R56,560,MyModules:SM0603-R-JRL,
C14,0.0068μ,MyModules:SM0603-C-JRL,
R265,82K,MyModules:SM0603-R-JRL,
C46,0.022μ,MyModules:SM0603-C-JRL,
R103-1,1meg,MyModules:SM0603-R-JRL,
R102-1,1meg,MyModules:SM0603-R-JRL,
Q18,MMBT3904,MyModules:SOT23-132-JRL,
R101-3,100,MyModules:SM0603-R-JRL,
R127,82K,MyModules:SM0603-R-JRL,
R124-1,22K,MyModules:SM0603-R-JRL,
R292,22K,MyModules:SM0603-R-JRL,
C58-1,0.01μ,MyModules:SM0603-C-JRL,
R123-1,100K,MyModules:SM0603-R-JRL,
C57-1,0.0033μ,MyModules:SM0603-C-JRL,
R121-1,10K,MyModules:SM0603-R-JRL,
C49-1,0.0033μ,MyModules:SM0603-C-JRL,
C53-1,0.001μ,MyModules:SM0603-C-JRL,
R295,6.8K,MyModules:SM0603-R-JRL,
VR-1,20K(B),MyModules:RD901F-ALPHA-POT,
R109,18K,MyModules:SM0603-R-JRL,
R108-1,18K,MyModules:SM0603-R-JRL,
R110,39K,MyModules:SM0603-R-JRL,
C55-1,0.01μ,MyModules:SM0603-C-JRL,
R112-1,22K,MyModules:SM0603-R-JRL,
R119-1,22K,MyModules:SM0603-R-JRL,
C54-1,0.001μ,MyModules:SM0603-C-JRL,
R111,22K,MyModules:SM0603-R-JRL,
R125,2.2K,MyModules:SM0603-R-JRL,
C90-1,0.01μ,MyModules:SM0603-C-JRL,
R118-1,47K,MyModules:SM0603-R-JRL,
C77-1,220p,MyModules:SM0603-C-JRL,
R128-1,470K,MyModules:SM0603-R-JRL,
VR6-1,100K(A),MyModules:RD901F-ALPHA-POT,
C78-1,33μ,MyModules:2MM-POL-CAP,
R166-1,1K,MyModules:SM0603-R-JRL,
Q2,MMBT3904,MyModules:SOT23-132-JRL,
Q6,MMBT3906,MyModules:SOT23-132-JRL,
R10-1,22K,MyModules:SM0603-R-JRL,
R15,4.7K,MyModules:SM0603-R-JRL,
R3-1,22K,MyModules:SM0603-R-JRL,
R6-1,10K,MyModules:SM0603-R-JRL,
R83,22K,MyModules:SM0603-R-JRL,
Q4,MMBT3904,MyModules:SOT23-132-JRL,
Q8,MMBT3906,MyModules:SOT23-132-JRL,
R11-1,22K,MyModules:SM0603-R-JRL,
R16,4.7K,MyModules:SM0603-R-JRL,
R2-1,22K,MyModules:SM0603-R-JRL,
R7-1,10K,MyModules:SM0603-R-JRL,
R13-1,22K,MyModules:SM0603-R-JRL,
Q3,MMBT3904,MyModules:SOT23-132-JRL,
Q7,MMBT3906,MyModules:SOT23-132-JRL,
R12-1,22K,MyModules:SM0603-R-JRL,
R17,4.7K,MyModules:SM0603-R-JRL,
R1-1,22K,MyModules:SM0603-R-JRL,
R8-1,10K,MyModules:SM0603-R-JRL,
R131-1,22K,MyModules:SM0603-R-JRL,
R130-1,10K,MyModules:SM0603-R-JRL,
R135,10K,MyModules:SM0603-R-JRL,
Q21,MMBT3904,MyModules:SOT23-132-JRL,
C60-1,10μ,MyModules:2MM-POL-CAP,
R133-1,10K,MyModules:SM0603-R-JRL,
Q22/23,DMMT3904W,MyModules:SOT363-JRL,
R132-1,100K,MyModules:SM0603-R-JRL,
VR3-1,2meg(B),MyModules:RD901F-ALPHA-POT,
Q24,MMBT3904,MyModules:SOT23-132-JRL,
R134,100K,MyModules:SM0603-R-JRL,
R137,470,MyModules:SM0603-R-JRL,
R138,470,MyModules:SM0603-R-JRL,
C62,0.47μ,MyModules:2MM-POL-CAP,
R139,1meg,MyModules:SM0603-R-JRL,
R140,33K,MyModules:SM0603-R-JRL,
R143,33K,MyModules:SM0603-R-JRL,
Q29-1,MMBT3904,MyModules:SOT23-132-JRL,
C61-1,47μ,MyModules:2MM-POL-CAP,
R136,100,MyModules:SM0603-R-JRL,
Q28-1,MMBT3904,MyModules:SOT23-132-JRL,
R141,33K,MyModules:SM0603-R-JRL,
R173-1,330K,MyModules:SM0603-R-JRL,
C63-1,0.47μ,MyModules:2MM-POL-CAP,
C67-1,0.022μ,MyModules:SM0603-C-JRL,
R149,1meg,MyModules:SM0603-R-JRL,
R148,1meg,MyModules:SM0603-R-JRL,
Q27,MMBT3904,MyModules:SOT23-132-JRL,
R145,100,MyModules:SM0603-R-JRL,
C65-1,0.0015μ,MyModules:SM0603-C-JRL,
C64,0.0015μ,MyModules:SM0603-C-JRL,
D13,1N4148,MyModules:SOD323-C1A2,
R144,33K,MyModules:SM0603-R-JRL,
C66-1,0.0015μ,MyModules:SM0603-C-JRL,
C68-1,0.0015μ,MyModules:SM0603-C-JRL,
R146,68K,MyModules:SM0603-R-JRL,
Q26,MMBT3904,MyModules:SOT23-132-JRL,
R147,2.7K,MyModules:SM0603-R-JRL,
R156-1,22K,MyModules:SM0603-R-JRL,
U7,4558,MyModules:TSSOP8-JRL,
R158-1,47K,MyModules:SM0603-R-JRL,
R160-1,39K,MyModules:SM0603-R-JRL,
C80,470p,MyModules:SM0603-C-JRL,
C79,220p,MyModules:SM0603-C-JRL,
R159-1,470K,MyModules:SM0603-R-JRL,
VR7-1,100K(A),MyModules:RD901F-ALPHA-POT,
R169-1,1K,MyModules:SM0603-R-JRL,
C71-1,0.022μ,MyModules:SM0603-C-JRL,
R150,1meg,MyModules:SM0603-R-JRL,
R151,1meg,MyModules:SM0603-R-JRL,
Q30,MMBT3904,MyModules:SOT23-132-JRL,
R152-1,100,MyModules:SM0603-R-JRL,
C70-1,0.0015μ,MyModules:SM0603-C-JRL,
C69-1,0.0015μ,MyModules:SM0603-C-JRL,
D14,1N4148,MyModules:SOD323-C1A2,
R316,33K,MyModules:SM0603-R-JRL,
C72-1,0.001μ,MyModules:SM0603-C-JRL,
C73-1,0.001μ,MyModules:SM0603-C-JRL,
R155-1,68K,MyModules:SM0603-R-JRL,
Q31-1,MMBT3904,MyModules:SOT23-132-JRL,
R153-1,2.7K,MyModules:SM0603-R-JRL,
R154-1,22K,MyModules:SM0603-R-JRL,
R157-1,47K,MyModules:SM0603-R-JRL,
R162-1,33K,MyModules:SM0603-R-JRL,
C74-1,470p,MyModules:SM0603-C-JRL,
R161-1,470K,MyModules:SM0603-R-JRL,
VR8-1,100K(A),MyModules:RD901F-ALPHA-POT,
C83-1,33μ,MyModules:2MM-POL-CAP,
R172-1,1K,MyModules:SM0603-R-JRL,
R23,100K,MyModules:SM0603-R-JRL,
R19,100K,MyModules:SM0603-R-JRL,
R20,15K,MyModules:SM0603-R-JRL,
D1,1N4148,MyModules:SOD323-C1A2,
R22,3.3K,MyModules:SM0603-R-JRL,
R21,3.3K,MyModules:SM0603-R-JRL,
R18,3.3K,MyModules:SM0603-R-JRL,
C82-1,220p,MyModules:SM0603-C-JRL,
C8-1,33μ,MyModules:2MM-POL-CAP,
TP22,TEST_POINT,MyModules:TEST_POINT_LOOP_4592,
TP23,TEST_POINT,MyModules:TEST_POINT_LOOP_4592,
TP24,TEST_POINT,MyModules:TEST_POINT_LOOP_4592,
TP25,TEST_POINT,MyModules:TEST_POINT_LOOP_4592,
OC1,6N137,MyModules:8-SMD,
R398,1K,MyModules:SM0603-R-JRL,
C175,0.1µ,MyModules:SM0603-C-JRL,
D15,1N4148,MyModules:SOD323-C1A2,
TP16,CONN_1,MyModules:TEST_POINT_LOOP_4592,
C189,10µF,MyModules:2MM-POL-CAP,
C188, 10µ,MyModules:2MM-POL-CAP,
U35,R-78E5.0-1.0,MyModules:R-78E-0.5,
TP18,CONN_1,MyModules:TEST_POINT_LOOP_4592,
TP19,CONN_1,MyModules:TEST_POINT_LOOP_4592,
ISP1,CONN_02X03,synth:CONN-2X3-0100R,
Y1,16MHz,synth:403-XTAL-4-SMD,
C182,24p,MyModules:SM0603-C-JRL,
C183,24p,MyModules:SM0603-C-JRL,
IC2,AT24CS64-XHM,MyModules:TSSOP8-JRL,
R393,220,MyModules:SM0603-R-JRL,
U29,74HC165,Housings_SSOP:TSSOP-16_4.4x5mm_Pitch0.65mm,
C176,0.1µ,MyModules:SM0603-C-JRL,
R399,10K,MyModules:SM0603-R-JRL,
R400,10K,MyModules:SM0603-R-JRL,
R401,10K,MyModules:SM0603-R-JRL,
R402,10K,MyModules:SM0603-R-JRL,
R403,10K,MyModules:SM0603-R-JRL,
R404,10K,MyModules:SM0603-R-JRL,
R405,10K,MyModules:SM0603-R-JRL,
R406,10K,MyModules:SM0603-R-JRL,
U27,74HC165,Housings_SSOP:TSSOP-16_4.4x5mm_Pitch0.65mm,
C173,0.1µ,MyModules:SM0603-C-JRL,
R385,10K,MyModules:SM0603-R-JRL,
R386,10K,MyModules:SM0603-R-JRL,
R387,10K,MyModules:SM0603-R-JRL,
R388,10K,MyModules:SM0603-R-JRL,
R391,10K,MyModules:SM0603-R-JRL,
R389,10K,MyModules:SM0603-R-JRL,
R390,10K,MyModules:SM0603-R-JRL,
R392,10K,MyModules:SM0603-R-JRL,
SW7,INST_AC_1,MyModules:KS-01Q-02-SPST,
SW8,INST_BD_2,MyModules:KS-01Q-02-SPST,
SW9,INST_SD_3,MyModules:KS-01Q-02-SPST,
SW13,INST_LT_4,MyModules:KS-01Q-02-SPST,
SW14,INST_MT_5,MyModules:KS-01Q-02-SPST,
SW15,INST_HT_6,MyModules:KS-01Q-02-SPST,
SW16,INST_RS_7,MyModules:KS-01Q-02-SPST,
SW17,INST_CP_8,MyModules:KS-01Q-02-SPST,
SW18,INST_CB_9,MyModules:KS-01Q-02-SPST,
SW19,INST_CY_10,MyModules:KS-01Q-02-SPST,
SW20,INST_OH_11,MyModules:KS-01Q-02-SPST,
SW10,INST_CH_12,MyModules:KS-01Q-02-SPST,
SW11,SHIFT,MyModules:KS-01Q-02-SPST,
R407,10K,MyModules:SM0603-R-JRL,
C180,0.1µ,MyModules:SM0603-C-JRL,
U30,74AC595,Housings_SSOP:TSSOP-16_4.4x5mm_Pitch0.65mm,
C181,0.1µ,MyModules:SM0603-C-JRL,
U31,74AC595,Housings_SSOP:TSSOP-16_4.4x5mm_Pitch0.65mm,
X1,MIDI IN,MyModules:SD-50BV-5DIN,
R394,220,MyModules:SM0603-R-JRL,
R384,22,MyModules:SM0603-R-JRL,
C172,0.01µ,MyModules:SM0603-C-JRL,
SW1,2P3T,MyModules:SS-23E02-2P3T-SLIDE,
R449,10K,MyModules:SM0603-R-JRL,
SW21,START/STOP,MyModules:CHERRY-MX,
R450,10K,MyModules:SM0603-R-JRL,
SW22,TAP,MyModules:CHERRY-MX,
C187,0.1µ,MyModules:SM0603-C-JRL,
R431,1K,MyModules:SM0603-R-JRL,
R409,1K,MyModules:SM0603-R-JRL,
IC1,ATMEGA328PB,Housings_QFP:TQFP-32_7x7mm_Pitch0.8mm,
R432,10K,MyModules:SM0603-R-JRL,
R435,470,MyModules:SM0603-R-JRL,
R434,470,MyModules:SM0603-R-JRL,
R438,470,MyModules:SM0603-R-JRL,
R437,470,MyModules:SM0603-R-JRL,
R436,470,MyModules:SM0603-R-JRL,
R433,470,MyModules:SM0603-R-JRL,
R439,470,MyModules:SM0603-R-JRL,
R440,470,MyModules:SM0603-R-JRL,
C190,0.1µ,MyModules:SM0603-C-JRL,
U36,74AC595,Housings_SSOP:TSSOP-16_4.4x5mm_Pitch0.65mm,
R441,470,MyModules:SM0603-R-JRL,
R442,470,MyModules:SM0603-R-JRL,
R443,470,MyModules:SM0603-R-JRL,
R444,470,MyModules:SM0603-R-JRL,
R446,470,MyModules:SM0603-R-JRL,
R445,470,MyModules:SM0603-R-JRL,
C191,0.1µ,MyModules:SM0603-C-JRL,
U37,74AC595,Housings_SSOP:TSSOP-16_4.4x5mm_Pitch0.65mm,
D28,2ND_PART,MyModules:3MM-LED-C1A2,
D27,1ST_PART,MyModules:3MM-LED-C1A2,
D26,FILL6,MyModules:3MM-LED-C1A2,
D25,FILL5,MyModules:3MM-LED-C1A2,
D24,FILL4,MyModules:3MM-LED-C1A2,
D23,FILL3,MyModules:3MM-LED-C1A2,
D22,FILL2,MyModules:3MM-LED-C1A2,
D16,FILL1,MyModules:3MM-LED-C1A2,
D21,MODE6,MyModules:3MM-LED-C1A2,
D20,MODE5,MyModules:3MM-LED-C1A2,
D19,MODE4,MyModules:3MM-LED-C1A2,
D18,MODE3,MyModules:3MM-LED-C1A2,
D17,MODE2,MyModules:3MM-LED-C1A2,
D36,MODE1,MyModules:3MM-LED-C1A2,
R408,10K,MyModules:SM0603-R-JRL,
R412,470,MyModules:SM0603-R-JRL,
R411,470,MyModules:SM0603-R-JRL,
R415,470,MyModules:SM0603-R-JRL,
R414,470,MyModules:SM0603-R-JRL,
R413,470,MyModules:SM0603-R-JRL,
R410,470,MyModules:SM0603-R-JRL,
C184,0.1µ,MyModules:SM0603-C-JRL,
U32,74AC595,Housings_SSOP:TSSOP-16_4.4x5mm_Pitch0.65mm,
R416,470,MyModules:SM0603-R-JRL,
R417,470,MyModules:SM0603-R-JRL,
R418,470,MyModules:SM0603-R-JRL,
R419,470,MyModules:SM0603-R-JRL,
R423,470,MyModules:SM0603-R-JRL,
R422,470,MyModules:SM0603-R-JRL,
R421,470,MyModules:SM0603-R-JRL,
R420,470,MyModules:SM0603-R-JRL,
C185,0.1µ,MyModules:SM0603-C-JRL,
U33,74AC595,Housings_SSOP:TSSOP-16_4.4x5mm_Pitch0.65mm,
D40,SCALE4,MyModules:3MM-LED-C1A2,
D39,SCALE3,MyModules:3MM-LED-C1A2,
D38,SCALE2,MyModules:3MM-LED-C1A2,
D37,SCALE1,MyModules:3MM-LED-C1A2,
D33,CH,MyModules:3MM-LED-C1A2,
D32,OH,MyModules:3MM-LED-C1A2,
D31,CY,MyModules:3MM-LED-C1A2,
D30,CB,MyModules:3MM-LED-C1A2,
D51,CP,MyModules:3MM-LED-C1A2,
D49,RS,MyModules:3MM-LED-C1A2,
D47,HT,MyModules:3MM-LED-C1A2,
D45,MT,MyModules:3MM-LED-C1A2,
D43,LT,MyModules:3MM-LED-C1A2,
D42,SD,MyModules:3MM-LED-C1A2,
D41,BD,MyModules:3MM-LED-C1A2,
D72,ACCENT,MyModules:3MM-LED-C1A2,
VR18,10K,MyModules:RD901F-ALPHA-POT,
L1,10µ,MyModules:SM0805-HAND,
C179,0.1µ,MyModules:SM0603-C-JRL,
C177,0.1µ,MyModules:SM0603-C-JRL,
C178,0.1µ,MyModules:SM0603-C-JRL,
U28,74HC165,Housings_SSOP:TSSOP-16_4.4x5mm_Pitch0.65mm,
C174,0.1µ,MyModules:SM0603-C-JRL,
R395,10K,MyModules:SM0603-R-JRL,
R396,10K,MyModules:SM0603-R-JRL,
R397,10K,MyModules:SM0603-R-JRL,
TP15,CONN_1,MyModules:TEST_POINT_LOOP_4592,
SW5,FILL,MyModules:KS-01Q-02-SPST,
TP17,CONN_1,MyModules:TEST_POINT_LOOP_4592,
D44,LC,MyModules:3MM-LED-C1A2,
D48,HC,MyModules:3MM-LED-C1A2,
D46,MC,MyModules:3MM-LED-C1A2,
D50,CL,MyModules:3MM-LED-C1A2,
D29,MA,MyModules:3MM-LED-C1A2,
R424,470,MyModules:SM0603-R-JRL,
R425,470,MyModules:SM0603-R-JRL,
R426,470,MyModules:SM0603-R-JRL,
R427,470,MyModules:SM0603-R-JRL,
R428,470,MyModules:SM0603-R-JRL,
C186,0.1µ,MyModules:SM0603-C-JRL,
U34,74AC595,Housings_SSOP:TSSOP-16_4.4x5mm_Pitch0.65mm,
R448,470,MyModules:SM0603-R-JRL,
R447,470,MyModules:SM0603-R-JRL,
SW12,IF_VAR,MyModules:B3F-1050-OMRON,
D34,IF_VAR_A,MyModules:3MM-LED-C1A2,
R429,470,MyModules:SM0603-R-JRL,
D35,IF_VAR_B,MyModules:3MM-LED-C1A2,
R430,470,MyModules:SM0603-R-JRL,
SW2,BASIC_VAR_A,MyModules:B3F-1050-OMRON,
SW3,BASIC_VAR_B,MyModules:B3F-1050-OMRON,
SW6,CLEAR,MyModules:B3F-1050-OMRON,
SW4,MODE,MyModules:KS-01Q-02-SPST,
D96,BASIC_VAR_A,MyModules:3MM-LED-C1A2,
R264,470,MyModules:SM0603-R-JRL,
D95,BASIC_VAR_B,MyModules:3MM-LED-C1A2,
R101,470,MyModules:SM0603-R-JRL,
